-- ============================================================
-- SEED DATA — generado automáticamente desde data.json
-- Ejecutar DESPUÉS de supabase_migration.sql
-- ============================================================

-- Preguntas
INSERT INTO questions (id, text, context) VALUES
  (1, '¿Qué modelo de política arancelaria y comercio exterior considera más adecuado para impulsar el crecimiento económico del país?', 'Eje 1: Economía, Hacienda y Comercio'),
  (2, '¿Qué incentivo priorizaría para atraer Inversión Extranjera Directa (IED)?', 'Eje 1: Economía, Hacienda y Comercio'),
  (3, '¿Cuál es su postura frente a las Cámaras de Comercio y la carga regulatoria?', 'Eje 1: Economía, Hacienda y Comercio'),
  (4, '¿Cuál es su propuesta en el ámbito laboral para incentivar la creación de empleo formal?', 'Eje 2: Trabajo, Salud y Pensiones'),
  (5, '¿Cuál debe ser el mecanismo institucional para determinar el valor de la Unidad de Pago por Capitación (UPC), es decir, los recursos que destinan los ciudadanos para financiar la salud a través de las EPS?', 'Eje 2: Trabajo, Salud y Pensiones'),
  (6, '¿Cómo financiar la formalización del talento humano en salud?', 'Eje 2: Trabajo, Salud y Pensiones'),
  (7, 'Actualmente el nuevo sistema pensional enfrenta incertidumbre, ¿Qué ajuste haría al sistema pensional colombiano?', 'Eje 2: Trabajo, Salud y Pensiones'),
  (8, '¿Cómo se debe solucionar la crisis del sistema carcelario?', 'Eje 3: Justicia, Seguridad y Convivencia'),
  (9, '¿Cómo debe responder el sistema penal ante delitos de baja afectación económica, tales como los hurtos de escasa cuantía (por ejemplo, el hurto de celulares)?', 'Eje 3: Justicia, Seguridad y Convivencia'),
  (10, '¿Cuál debe ser la política del Estado frente a las sustancias psicoactivas?', 'Eje 3: Justicia, Seguridad y Convivencia'),
  (11, '¿Qué herramienta principal usaría para la erradicación de cultivos ilícitos?', 'Eje 3: Justicia, Seguridad y Convivencia'),
  (12, '¿Cuál debe ser el futuro inmediato de la exploración de petróleo y gas?', 'Eje 4: Recursos, Energía y Medio Ambiente'),
  (13, '¿Cómo destrabar los proyectos de infraestructura que requieren consulta previa?', 'Eje 4: Recursos, Energía y Medio Ambiente'),
  (14, '¿Cuál debe ser la postura del Estado frente a los proyectos extractivos en zonas de delimitación de páramos o reservas forestales?', 'Eje 4: Recursos, Energía y Medio Ambiente'),
  (15, '¿Cómo debe acelerar Colombia su transición hacia una economía baja en carbono?', 'Eje 4: Recursos, Energía y Medio Ambiente'),
  (16, '¿Cuál sería su estrategia prioritaria para frenar la deforestación en la Amazonia?', 'Eje 4: Recursos, Energía y Medio Ambiente'),
  (17, '¿Cuál debería ser el futuro del crédito educativo a través del ICETEX?', 'Eje 5: Educación y Desarrollo Social'),
  (18, '¿Cómo debe invertirse el presupuesto educativo para educación superior?', 'Eje 5: Educación y Desarrollo Social'),
  (19, '¿Cuál debería ser el núcleo de su propuesta de reforma a la educación superior?', 'Eje 5: Educación y Desarrollo Social'),
  (20, '¿Qué modelo propone frente al aborto en Colombia?', 'Eje 5: Educación y Desarrollo Social'),
  (21, '¿Qué modelo legal propone para la maternidad subrogada?', 'Eje 5: Educación y Desarrollo Social'),
  (22, 'De las siguientes reformas estructurales, ¿cuál sería prioritaria al inicio de mandato?', 'Eje 6: Institucionalidad, Liderazgo y Estado'),
  (23, '¿Qué reforma plantea para la Procuraduría General de la Nación?', 'Eje 6: Institucionalidad, Liderazgo y Estado'),
  (24, '¿Bajo qué enfoque de liderazgo público se debe orientar la transformación de la gestión estatal y la relación con la ciudadanía?', 'Eje 6: Institucionalidad, Liderazgo y Estado'),
  (25, '¿Cuál debe ser el rol del Estado en el fortalecimiento del ecosistema de emprendimiento e innovación para garantizar un impacto económico sostenible?', 'Eje 6: Institucionalidad, Liderazgo y Estado'),
  (26, 'En el escenario geopolítico actual, ¿qué estrategia internacional debería priorizar Colombia?', 'Eje 6: Institucionalidad, Liderazgo y Estado'),
  (27, '¿Cuál es su mecanismo de su preferencia para adelantar una reforma agraria?', 'Eje 6: Institucionalidad, Liderazgo y Estado'),
  (28, '¿Cuál debería ser la solución al conflicto entre taxis y plataformas digitales?', 'Eje 7: Desarrollo Sectorial y Marca País'),
  (29, '¿Cuál debería ser la prioridad del Estado en la política de turismo internacional?', 'Eje 7: Desarrollo Sectorial y Marca País'),
  (30, 'Si Colombia tuviera que priorizar UN SOLO relato dominante de Marca País para los próximos 10 años, ¿cuál debería ser?', 'Eje 7: Desarrollo Sectorial y Marca País');

-- Opciones
INSERT INTO question_options (question_id, option_key, option_text) VALUES
  (1, 'A', 'Implementar aranceles elevados y generalizados a bienes importados (competidores de producción local), para fomentar la creación de industria nacional y reducir la dependencia externa.'),
  (1, 'B', 'Aplicar medidas arancelarias selectivas únicamente en sectores clave o ante situaciones de competencia desleal (dumping), manteniendo una economía mayoritariamente abierta.'),
  (1, 'C', 'Reducir aranceles en insumos, maquinaria y tecnología para bajar costos de producción, protegiendo temporalmente solo los productos terminados de sectores sensibles.'),
  (1, 'D', 'Favorecer la competencia, reducir precios y promover eficiencia'),
  (1, 'E', 'Prefiero no contestar.'),
  (2, 'A', 'Crear leyes que blinden al inversionista de cambios tributarios a largo plazo a cambio de empleo.'),
  (2, 'B', 'Ampliar beneficios tributarios sectoriales (Hotelería, Tech, Agro, industrias culturales) para reducir la carga fiscal.'),
  (2, 'C', 'No dar beneficios a nadie en particular, sino bajar la tasa de renta corporativa general para todas las empresas.'),
  (2, 'D', 'Condicionar la inversión extranjera a transferencia tecnológica obligatoria y asociación con el Estado.'),
  (2, 'E', 'Prefiero no contestar.'),
  (3, 'A', 'Apoyar una ley para eliminar las Cámaras de Comercio o hacer su registro voluntario para bajar costos al empresario.'),
  (3, 'B', 'Reducir drásticamente las tarifas de renovación y aumentar la vigilancia sobre sus gastos.'),
  (3, 'C', 'Defender el modelo actual pues las Cámaras ejecutan funciones públicas vitales y programas de apoyo empresarial.'),
  (3, 'D', 'Delegar a una entidad estatal la administración del registro mercantil.'),
  (3, 'E', 'Prefiero no contestar.'),
  (4, 'A', 'Disminuir las cargas prestacionales y flexibilizar la contratación (por horas o proyectos) para reducir el costo de entrada al mercado laboral y facilitar la creación de nuevos puestos.'),
  (4, 'B', 'Seguir con el modelo actual aprobado en la ultima reforma laboral.'),
  (4, 'C', 'Implementar regímenes laborales diferenciados para MiPymes y emprendimientos.'),
  (4, 'D', 'Crear subsidios directos a la nómina o beneficios tributarios para empresas que contraten jóvenes, mujeres o mayores de 50 años, enfocando el gasto estatal en cerrar brechas de empleabilidad.'),
  (4, 'E', 'Prefiero no contestar.'),
  (5, 'A', 'Crear una entidad técnica e independiente, con un régimen de autonomía similar al del Banco de la República, que fije la UPC basándose estrictamente en criterios técnicos, demográficos y actuariales.'),
  (5, 'B', 'Delegar en la academia y centros de pensamiento la definición del costo técnico, permitiendo al Gobierno Nacional un margen de ajuste final sujeto al marco fiscal de mediano plazo.'),
  (5, 'C', 'Mantener la facultad de fijación en el Ministerio de Salud para asegurar que el flujo de recursos sea coherente con las metas de salud pública y las prioridades del Plan Nacional de Desarrollo.'),
  (5, 'D', 'Transformar la UPC hacia un componente variable significativo, donde el ajuste anual dependa de indicadores de impacto en salud y gestión del riesgo por parte de la entidad aseguradora.'),
  (5, 'E', 'Prefiero no contestar.'),
  (6, 'A', 'Aumentar el presupuesto general de la nación específicamente para pagar nóminas hospitalarias (subsidio a la oferta).'),
  (6, 'B', 'Aumentar la UPC (los recursos que destinan los ciudadanos para financiar la salud a través de las EPS) e incluir un componente específico "laboral" que solo pueda usarse para formalización.'),
  (6, 'C', 'Permitir modelos de contratación híbridos que den seguridad social sin la rigidez del empleado público.'),
  (6, 'D', 'Obligar a la formalización exigiendo eficiencia administrativa a los hospitales, sin girar recursos adicionales.'),
  (6, 'E', 'Prefiero no contestar.'),
  (7, 'A', 'Defender e implementar la reforma tal como se aprobó, manteniendo el umbral alto en Colpensiones para garantizar recursos que paguen el bono pensional solidario.'),
  (7, 'B', 'Tramitar una ley para bajar el umbral obligatorio de Colpensiones (a 1 o 1.5 salarios), permitiendo que una mayor parte del ahorro vaya a los fondos privados (ahorro nacional).'),
  (7, 'C', 'Aumentar la edad de pensión o el porcentaje de cotización para que el sistema no quiebre.'),
  (7, 'D', 'Buscar tumbar la obligatoriedad del pilar público (o esperar el fallo de la Corte) para regresar a un modelo donde el ciudadano tenga libertad total de elegir fondos privados.'),
  (7, 'E', 'Prefiero no contestar.'),
  (8, 'A', 'No construir más cárceles y reducir el hacinamiento mediante excarcelaciones masivas y justicia restaurativa.'),
  (8, 'B', 'Enfocarse en el fortalecimiento de las URIS y estaciones de policía, que también son zonas de reclusión, donde la situación por hacinamiento no es menor. '),
  (8, 'C', 'Construir mega cárceles para asegurar que los condenados cumplan su pena efectiva intramural.'),
  (8, 'D', 'Privatizar la construcción y operación de cárceles (modelo concesión) para expandir el sistema rápidamente.'),
  (8, 'E', 'Mantener las cárceles actuales y usar penas alternativas (casa por cárcel/brazaletes) para delitos no violentos.'),
  (9, 'A', 'Enfocarse 100% en prevención social y educación; la cárcel no soluciona el problema social del hurto.'),
  (9, 'B', 'Penas cortas en centros de reclusión especial diferenciados, separando al ladrón del criminal violento.'),
  (9, 'C', 'Endurecer las penas y eliminar beneficios: la reincidencia en hurto debe dar cárcel intramural sin excepción.'),
  (9, 'D', 'Prefiero no contestar.'),
  (10, 'A', 'Legalización total y regulación de todas las sustancias (incluyendo cocaína) bajo un modelo de mercado.'),
  (10, 'B', 'Regular el Cannabis recreativo y medicinal, pero mantener la prohibición fuerte sobre drogas duras.'),
  (10, 'D', 'Penalizar la dosis personal.'),
  (10, 'E', 'Prefiero no contestar.'),
  (11, 'A', 'Retomar la aspersión con glifosato (u otros herbicidas) con drones para erradicación masiva.'),
  (11, 'B', 'Usar fuerza pública y grupos móviles de erradicación manual, sin químicos aéreos.'),
  (11, 'C', 'Cumplir los acuerdos de sustitución con campesinos, condicionando los incentivos de acuerdo con el cumplimiento.'),
  (11, 'D', 'Enfocarse solo en interdicción (incautar cargamentos) y lavado de activos.'),
  (11, 'E', 'Prefiero no contestar.'),
  (12, 'A', 'Suspender nuevos contratos de exploración e impedir el fracking, y si es necesario, importar gas a corto plazo.'),
  (12, 'B', 'Respetar los contratos vigentes para evitar demandas, pero no firmar ninguno nuevo.'),
  (12, 'C', 'Firmar nuevos contratos de exploración y asegurar la explotación en yacimientos convencionales y no convencionales, siempre que permitan la transición de la matriz energética y el parque automotor.'),
  (12, 'D', 'Impulsar decididamente la exploración y explotación de hidrocarburos, incluyendo fracking y costa afuera.'),
  (12, 'E', 'Impulsar una agenda de transición energética y electromovilidad, prescindiendo a corto y mediano plazo de energías fósiles.'),
  (13, 'A', 'Limitar por ley los tiempos y el alcance de las consultas previas y licencias para que no tengan poder de veto indefinido.'),
  (13, 'B', 'Mantener las exigencias pero fortalecer las instituciones que participan, para atender, descongestionar y adelantar el proceso de consulta previa.'),
  (13, 'C', 'Fortalecer la consulta previa; si la comunidad dice "no", el proyecto no se hace, aunque sea estratégico.'),
  (13, 'D', 'Asumir desde el Estado, los costos y riesgos de consultas previas sobrevinientes a los proyectos de infraestructura para evitar que el privado asuma la incertidumbre y los costos derivados.'),
  (13, 'E', 'Prefiero no contestar.'),
  (14, 'A', 'Prohibir cualquier proyecto minero, de extracción y/o infraestructura en ecosistemas delimitados o de interés comunitario, priorizando la conservación del medio ambiente y/o vínculos culturales y ancestrales con el territorio.'),
  (14, 'B', 'Permitir proyectos mineros de extracción y/o infraestructuras siempre que garanticen tecnologías de mitigación y compensación ambiental y climática.'),
  (14, 'C', 'Fortalecer las consultas populares y mecanismos de participación directa de poblaciones afectadas, para que sea la comunidad local, la que decida si permite o no la extracción en el territorio.'),
  (14, 'D', 'Formalizar la minería ancestral y artesanal ya existente en estas zonas, pero prohibir la entrada de nuevos proyectos mineros y de extracción.'),
  (14, 'E', 'Prefiero no contestar.'),
  (15, 'A', 'Aumentar drásticamente los impuestos a los combustibles fósiles para desincentivar su uso y subsidiar la compra de vehículos eléctricos.'),
  (15, 'B', 'Otorgar exenciones tributarias a largo plazo para empresas que sean autogeneradoras, haciendo uso de fuentes no convencionales y renovables (como parques solares, eólicos, energía geotérmica etc.), sin castigar el consumo actual de fósiles.'),
  (15, 'C', 'Mantener la dependencia actual de gas y petróleo mientras se construye la infraestructura de renovables.'),
  (15, 'D', 'Regular el mercado de los bonos de carbón e imponer metas NDC a empresas, de acuerdo al sector económico al que pertenece.'),
  (15, 'E', 'Prefiero no contestar.'),
  (16, 'A', 'Uso de la fuerza pública para desalojar invasores de parques naturales y judicialización estricta de quien tale bosque.'),
  (16, 'B', 'Pagarle a las familias que habitan esas zonas para que cuiden el bosque en lugar de talarlo, sin desalojarlos.'),
  (16, 'C', 'Permitir el aprovechamiento maderero sostenible y controlado por empresas o comunidades en zonas de reserva para darles valor económico.'),
  (16, 'D', 'Sustraer áreas de reserva ya intervenidas, titularlas para legalizar y fortalecer la actividad agropecuaria.'),
  (16, 'E', 'Prefiero no contestar.'),
  (17, 'A', 'Eliminar el cobro de intereses y capital mensual de tal manera que el egresado pague un % de su sueldo solo cuando consiga empleo.'),
  (17, 'B', 'Mantener el modelo de crédito, pero con una tasa de interés real del 0% que solo se ajustará según la inflación anual.'),
  (17, 'C', 'Condonar deudas masivamente y reducir el tamaño del ICETEX para enfocar todo el recurso en la universidad pública gratuita.'),
  (17, 'D', 'Dejar el crédito solo para posgrados y estudios en el exterior.'),
  (17, 'E', 'Prefiero no contestar.'),
  (18, 'A', 'Destinar el 100% de los recursos a ampliar cupos y mejorar la infraestructura de las universidades públicas, prohibiendo el desvío a privadas.'),
  (18, 'B', 'Priorizar la universidad pública, pero mantener becas limitadas para estudiantes en universidades privadas.'),
  (18, 'C', 'Entregar el dinero al estudiante (créditos condonables o becas) para que elija libremente entre universidad pública o privada.'),
  (18, 'D', 'Prefiero no contestar.'),
  (19, 'A', 'Modificar la fórmula para que las transferencias a universidades públicas crezcan obligatoriamente varios puntos por encima del PIB/Inflación.'),
  (19, 'B', 'Aumentar recursos pero condicionados a indicadores de eficiencia, cobertura y calidad.'),
  (19, 'C', 'Reformar para que el Estado financie al estudiante y no a la institución, permitiendo la competencia entre pública y privada.'),
  (19, 'D', 'Prefiero no contestar.'),
  (20, 'A', 'Despenalización total y acceso amplio como servicio de salud.'),
  (20, 'B', 'Mantener el modelo vigente (hasta semana 24).'),
  (20, 'C', 'Volver a las 3 causales (violación, malformación grave, riesgo para la vida/salud).'),
  (20, 'D', 'Protección de la vida por nacer desde la concepción: restricciones legales amplias y apoyo a la maternidad.'),
  (20, 'E', 'Prefiero no contestar.'),
  (21, 'A', 'Abolición: prohibición y sanción de la industria/intermediarios.'),
  (21, 'B', 'Prohibir lo comercial; permitir, a lo sumo, sin lucro y con límites estrictos.'),
  (21, 'C', 'Permitir solo “altruista” bajo reglas estrictas y supervisión.'),
  (21, 'D', 'Regular con control estatal (licencias, requisitos, protección de gestante y del niño).'),
  (21, 'E', 'Prefiero no contestar.'),
  (22, 'A', 'Reforma Tributaria'),
  (22, 'B', 'Reforma a la Salud'),
  (22, 'C', 'Reforma a la Educación'),
  (22, 'D', 'Reforma a la Justicia'),
  (22, 'E', 'Reforma Constitucional'),
  (23, 'A', 'Eliminarla totalmente y trasladar sus funciones a la Rama Judicial.'),
  (23, 'B', 'Reformarla quitándole la facultad de destituir a elegidos por voto popular, dejándola solo para cumplir con la función disciplinaria de vigilar otros funcionarios.'),
  (23, 'C', 'Mantenerla tal como está hoy.'),
  (23, 'D', 'Fortalecerla otorgándole funciones jurisdiccionales para que actúe como una corte anticorrupción.'),
  (23, 'E', 'Prefiero no contestar.'),
  (24, 'A', 'Priorizar un enfoque técnico y gerencial donde el líder actúa como un ejecutor de alto rendimiento, enfocado en metas cuantificables, optimización de recursos y rendición de cuentas por impacto.'),
  (24, 'B', 'Actuar como un facilitador que articula esfuerzos entre el sector público, privado, la academia y la sociedad civil, reconociendo que los problemas públicos actuales superan la capacidad de respuesta de una sola entidad.'),
  (24, 'C', 'Enfocarse en movilizar a la sociedad para enfrentar problemas complejos que no tienen una solución técnica única, priorizando el cambio cultural y la resiliencia institucional sobre la autoridad jerárquica.'),
  (24, 'D', 'Centrar la gestión en la recuperación de la confianza ciudadana mediante la transparencia radical, la integridad absoluta y la protección del interés general como filtro supremo ante cualquier decisión de política.'),
  (24, 'E', 'Prefiero no contestar.'),
  (25, 'A', 'Actuar como un dinamizador de inversión mediante la creación de fondos de capital semilla, garantías crediticias y coinversión con fondos privados para facilitar el escalamiento de Empresas de base tecnológica (startups) y científica de alto impacto.'),
  (25, 'B', 'Implementar marcos regulatorios experimentales (arenas de prueba) que permitan a los emprendedores probar modelos de negocio disruptivos (Fintech, EdTech, IA) sin las cargas burocráticas del modelo tradicional.'),
  (25, 'C', 'Priorizar la inversión en I+D (Investigación y Desarrollo) conectando los centros de investigación con las necesidades del mercado para que el conocimiento académico se transforme en productos comerciales.'),
  (25, 'D', 'Enfocar los recursos estatales en la formación técnica y el apoyo a emprendimientos de conomía popular o regional, asegurando que la innovación no sea un privilegio sino un motor de inclusión social.'),
  (25, 'E', 'Prefiero no contestar.'),
  (26, 'A', 'Acelerar acercamientos con China en materia de infraestructura, agro, comercio exterior y turismo'),
  (26, 'B', 'Mantener la doctrina del Respice pollum, alineandose internacionalmente con los Estados Unidos'),
  (26, 'C', 'Buscar acuerdos con potencias intermedias (India, Brasil, Turquía, etc.)'),
  (26, 'D', 'Apostar por la integración latinoamericana como bandera principal de la política exterior'),
  (26, 'E', 'balancear influencias de las potencias (EEUU, China, UE, Rusia, etc.), manteniendo neutralidad'),
  (27, 'A', 'El Estado debe poder expropiar tierras improductivas o de origen dudoso de manera rápida para entregarlas a campesinos sin tierra.'),
  (27, 'B', 'El Estado debe comprar tierras a precio comercial a sus dueños para luego redistribuirlas.'),
  (27, 'C', 'No redistribuir tierra, sino aumentar drásticamente los impuestos a los latifundios improductivos.'),
  (27, 'D', 'Fomentar grandes alianzas empresariales donde el campesino sea empleado o socio minoritario.'),
  (27, 'E', 'Prefiero no contestar.'),
  (28, 'A', 'Prohibición y bloqueo efectivo de las aplicaciones para proteger el transporte público legal.'),
  (28, 'B', 'Legalizarlas pero imponiéndoles las mismas cargas (cupos, seguros, tarifas) que a los taxis.'),
  (28, 'C', 'Que paguen impuestos y seguros, pero sin imponer cupos ni tarifas fijas.'),
  (28, 'D', 'Eliminar cupos de taxis y dejar que el mercado defina precios y oferta.'),
  (28, 'E', 'Prefiero no contestar.'),
  (29, 'A', 'Priorizar turismo internacional de alto gasto (naturaleza, cultura y bienestar) con regulación ambiental estricta y cupos por territorio.'),
  (29, 'B', 'Impulsar grandes proyectos turísticos, conectividad aérea e infraestructura para atraer la mayor cantidad de visitantes internacionales y generar empleo rápido.'),
  (29, 'C', 'Redirigir recursos hacia turismo rural y comunitario administrado por comunidades locales, aunque crezca más lento.'),
  (29, 'D', 'Reducir regulación y dejar que el mercado defina qué tipo de turismo se desarrolla.'),
  (29, 'E', 'Prefiero no contestar.'),
  (30, 'A', 'Mantener y perfeccionar el relato histórico de biodiversidad, paisajes y agroexportaciones icónicas.'),
  (30, 'B', 'Reemplazar el relato tradicional por “Colombia líder climática”, centrada en carbono, naturaleza, agua y energías renovables.'),
  (30, 'C', 'Abandonar el énfasis en atributos tradicionales (café, flores, naturaleza) para posicionar a Colombia como hub de tecnología, talento digital e industrias creativas.'),
  (30, 'D', 'Mantener símbolos clásicos (naturaleza, café y flores) pero subordinarlos a un nuevo relato de innovación y sostenibilidad.'),
  (30, 'E', 'Prefiero no contestar.');

-- Candidatos
INSERT INTO candidates (id, name, party, profile, description, campaign_url, photo_url, party_logo_url, profile_pic_url) VALUES
  (1, 'Iván Cepeda', 'Pacto Histórico', 'Izquierda progresista', 'Senador de la República por el Pacto Histórico y uno de los líderes más visibles de la izquierda progresista en Colombia. Con una larga trayectoria en la defensa de los derechos humanos y la búsqueda de la paz, Cepeda ha sido una pieza fundamental en la construcción de diálogos con grupos armados y un crítico constante de las políticas de seguridad tradicionales.

Para las elecciones de 2026, se proyecta como un candidato que busca profundizar las reformas sociales del actual gobierno, enfocándose en la justicia climática, la redistribución de la tierra y el fortalecimiento de lo público frente a los intereses privados.', 'https://ivancepedacastro.com', 'Candidatos/Iván Cepeda.png', 'Partidos/Pacto Histórico.png', 'Perfil/izquierda_progresista.jpg'),
  (2, 'David Luna', 'Cambio Radical', 'Centro/Derecha', 'Senador por el partido Cambio Radical y exministro de Tecnologías de la Información. Luna se ha posicionado como una voz técnica y moderna, centrada en la transformación digital, la transparencia y la eficiencia del Estado. Es reconocido por su capacidad de debate y su enfoque en soluciones prácticas a problemas complejos de infraestructura y conectividad.

Su candidatura para 2026 lidera la iniciativa ''Gran Consulta por Colombia'', buscando unir a sectores de centro y derecha bajo una propuesta que prioriza la reactivación económica, el apoyo al emprendimiento tecnológico y el fortalecimiento de la seguridad con apoyo de la inteligencia de datos.', 'https://davidluna.com', 'Candidatos/David Luna.png', 'Partidos/Cambio Radical.png', 'Perfil/centro_derecha_tech.jpg'),
  (3, 'Abelardo de la Espriella', 'Movimiento de Salvación Nacional', 'Derecha dura', 'Reconocido abogado penalista y figura mediática, De la Espriella ha dado el salto a la política con un discurso de derecha conservadora y ''mano dura''. Es el líder del movimiento ''Defensores de la Patria'', desde donde promueve una visión de Estado centrada en el orden, la protección de la propiedad privada y la lucha frontal contra el crimen sin concesiones.

Su propuesta para 2026 se basa en lo que denomina ''recuperar la patria'', enfocándose en la desregulación económica, el fortalecimiento de las fuerzas militares y una crítica severa a las políticas progresistas, apelando a un electorado que busca seguridad jurídica y valores tradicionales.', 'https://defensoresdelapatria.com/', 'Candidatos/Abelardo de la Espriella.png', 'Partidos/Movimiento de Salvación Nacional.png', 'Perfil/derecha_dura.jpg'),
  (4, 'Aníbal Gaviria', 'Fuerza de las regiones', 'Regional', 'Exgobernador de Antioquia y exalcalde de Medellín, Gaviria es una figura de amplia trayectoria administrativa y reconocimiento regional. Su liderazgo se caracteriza por un enfoque en el desarrollo de infraestructura, la innovación social y la autonomía de las regiones como motor de progreso nacional.

Participa en la escena nacional para 2026 como una opción de experiencia y gestión probada, defendiendo el federalismo y la descentralización. Busca representar a las regiones que reclaman mayor poder de decisión sobre sus recursos, promoviendo un Estado eficiente que trabaje desde la periferia hacia el centro.', 'https://anibalpresidente.co', 'Candidatos/Aníbal Gaviria.png', 'Partidos/Fuerza de las regiones.png', 'Perfil/regional.jpg'),
  (5, 'Mauricio Cárdenas', 'Avanza Colombia', 'Tecnócrata', 'Exministro de Hacienda y destacado economista, Cárdenas representa el ala técnica y moderada de la política colombiana. Con una sólida formación académica y experiencia en organismos internacionales, su perfil se orienta hacia la estabilidad macroeconómica, el manejo responsable de las finanzas públicas y el fomento de la inversión.

Bajo su movimiento ''Avanza Colombia'', propone una candidatura centrada en el crecimiento sostenible y la reactivación del empleo. Se presenta como una alternativa de experiencia capaz de navegar crisis fiscales, priorizando la sensatez técnica sobre la polarización ideológica para las elecciones de 2026.', 'https://mauricio-cardenas.com/', 'Candidatos/Mauricio Cárdenas.png', 'Partidos/Avanza Colombia.png', 'Perfil/Tecnócrata.jpg'),
  (6, 'Victoria Dávila', 'Movimiento Valientes', 'Derecha dura', 'Reconocida periodista y exdirectora de la Revista Semana, Dávila ha incursionado en la política tras años de un periodismo crítico y confrontativo. Su perfil se asocia con la denuncia de la corrupción y la seguridad ciudadana, utilizando un lenguaje directo que resuena con sectores descontentos con la política tradicional.

Con su movimiento ''Valientes Colombia'', busca liderar una propuesta de derecha que promete orden, justicia y una revisión profunda de la estructura estatal. Su candidatura para 2026 apela a una ciudadanía cansada de los privilegios políticos y que busca una figura externa con determinación para realizar cambios radicales.', 'https://vickydavilaoficial.com', 'Candidatos/Victoria Dávila.png', 'Partidos/Movimiento Valientes.png', 'Perfil/derecha_dura.jpg'),
  (7, 'Claudia López', 'Con Claudia Imparables', 'Centro progresista', 'Exalcaldesa de Bogotá y exsenadora, López es una líder carismática conocida por su lucha contra la corrupción y su defensa de los servicios sociales urbanos. Su trayectoria en la academia y la política se ha centrado en la transparencia, el fortalecimiento de la educación pública y la movilidad sostenible.

Para 2026, con su iniciativa ''Con Claudia Imparables'', busca atraer al electorado de centro-progresista. Su propuesta se basa en un Estado cuidador, la autonomía regional y una gestión pública basada en la evidencia, presentándose como una ejecutora con temple y visión de futuro para el país.', 'https://claudia-lopez.com', 'Candidatos/Claudia López.png', 'Partidos/Con Claudia Imparables.png', 'Perfil/centro_progresista.jpg'),
  (8, 'Juan Manuel Galán', 'Nuevo Liberalismo', 'Centro/Derecha', 'Hijo del inmolado Luis Carlos Galán, Juan Manuel ha dedicado su carrera a revivir el legado del Nuevo Liberalismo. Su perfil combina una herencia política histórica con una visión moderna de defensa de la institucionalidad, la lucha contra el narcotráfico desde un enfoque de salud pública y el fortalecimiento de la democracia liberal.

Para 2026, su candidatura representa una opción de centro que busca alejarse de los extremos. Propone una agenda de transformación basada en las ideas de su padre, adaptadas a los retos actuales de equidad, seguridad ciudadana y una política exterior que posicione a Colombia como un actor relevante en la región.', 'https://galan.co', 'Candidatos/Juan Manuel Galán.png', 'Partidos/Nuevo Liberalismo.png', 'Perfil/centro_derecha_tech.jpg'),
  (9, 'Juan Carlos Pinzón', 'Verde Oxígeno', 'Centroderecha seguridad', 'Exministro de Defensa y exembajador en Estados Unidos, Pinzón es una de las voces más autorizadas en temas de seguridad y relaciones internacionales. Su perfil es marcadamente institucional, con una fuerte conexión con las fuerzas militares y un conocimiento profundo de la geopolítica regional.

Bajo el aval de Verde Oxígeno para 2026, su propuesta se centra en la recuperación del orden público, la seguridad jurídica para la inversión y el fortalecimiento de la alianza con socios estratégicos. Se presenta como una garantía de autoridad y estabilidad para un país que requiere retomar el control del territorio y la confianza institucional.', 'https://pinzonbueno.com/', 'Candidatos/Juan Carlos Pinzón.png', 'Partidos/Verde Oxígeno.png', 'Perfil/centroderecha_seguridad.jpg'),
  (10, 'Juan Daniel Oviedo', 'Con toda por Colombia', 'Tecnócrata', 'Economista y exdirector del DANE, Oviedo irrumpió en la política con una propuesta basada en los datos y la evidencia técnica. Su paso por la administración pública le ha dado un perfil de tecnócrata cercano a la gente, capaz de explicar realidades socioeconómicas complejas de manera sencilla y transparente.

Su candidatura para 2026 se construye a través de la recolección de firmas, apostando por una política que denomina ''con toda''. Propone una gestión centrada en la eficiencia, el conocimiento estadístico para orientar la inversión social y una visión de país que priorice la superación de la pobreza mediante indicadores reales de impacto y crecimiento.', 'https://juandanieloviedo.com.co', 'Candidatos/Juan Daniel Oviedo.png', 'Partidos/Con toda por Colombia.png', 'Perfil/Tecnócrata.jpg'),
  (11, 'Enrique Peñalosa', 'Verde Oxígeno', 'Centro/Derecha', 'Dos veces alcalde de Bogotá, Peñalosa es reconocido por su enfoque en el urbanismo, la movilidad y la infraestructura a gran escala. Su perfil es el de un ejecutor pragmático que privilegia la transformación física del territorio como motor de bienestar social y modernización urbana.

De cara a 2026, con el aval del partido Oxígeno, Peñalosa busca escalar su modelo de gestión a nivel nacional. Su propuesta se centra en la competitividad regional, la construcción de grandes obras de infraestructura y una visión de desarrollo que priorice la eficiencia técnica sobre los discursos ideológicos, apelando a su capacidad demostrada para gerenciar ciudades.', 'https://verdeoxigeno.com', 'Candidatos/Enrique Peñalosa.png', 'Partidos/Verde Oxígeno.png', 'Perfil/centro_derecha_tech.jpg'),
  (12, 'Paloma Valencia', 'Centro Democrático', 'Derecha uribismo', 'Senadora del Centro Democrático y candidata presidencial oficial del uribismo para 2026. Abogada y filósofa de la Universidad de los Andes, con maestría en Escritura Creativa de la Universidad de Nueva York, cuenta con una trayectoria legíslativa de más de una década como vocera del partido. Nieta del expresidente Guillermo León Valencia, combina un linaje político histórico con un discurso propio centrado en la seguridad, la defensa de los derechos de las víctimas y el apoyo al sector agropecuario.

Su candidatura para 2026 la posiciona como la primera mujer que aspiraría a la presidencia por el Centro Democrático. Su propuesta, resumida en el lema ''Vivir sin miedo'', apuesta por recuperar la seguridad como base del desarrollo, restaurar la institucionalidad frente a los grupos armados, y un manejo responsable de las finanzas públicas, reforzando así la opción de derecha democrática frente a la polarización actual.', 'https://palomavalencia.com', 'Candidatos/Paloma Valencia.png', 'Partidos/Centro Democrático.png', 'Perfil/derecha_uribismo.jpg'),
  (13, 'Roy Barreras', 'Fuerza', 'Izquierda progresista', 'Exsenador, exparlamentario y exembajador de Colombia en el Reino Unido, Barreras es uno de los políticos más experimentados del país, con una carrera que abarca más de dos décadas en el Congreso. Presió el Congreso de la República en dos ocasiones (2012-2013 y 2022-2023) y fue parte de la delegación del Gobierno en las negociaciones de paz con las FARC en Cuba. A lo largo de su trayectoria transitó por el Partido Liberal, Cambio Radical, el Partido de la U y el Pacto Histórico, lo que le otorga un amplio conocimiento de todos los espectros políticos.

Para 2026, renunció a su cargo diplomático para lanzar su candidatura desde su propio partido, ''La Fuerza de la Paz''. Se presenta como una opción de centro que busca superar la polarización, con propuestas de seguridad total, reactivación económica y unidad nacional. Su lema es reconciliar a los colombianos bajo la premisa de que un país unido es la base para cualquier reforma profunda y sostenible.', 'https://fuerza.com.co/', 'Candidatos/Roy Barreras.png', 'Partidos/Fuerza.png', 'Perfil/izquierda_progresista.jpg'),
  (14, 'Sergio Fajardo', 'Dignidad y Compromiso', 'Centro progresista', 'Matemático, doctor de la Universidad de Wisconsin y exdocente universitario, Fajardo entró a la política por fuera de los partidos tradicionales fundando el movimiento cívico ''Compromiso Ciudadano''. Como alcalde de Medellín (2004-2007) transformó la ciudad en un referente mundial de urbanismo social, y como gobernador de Antioquia (2012-2015) impulsó el plan ''Antioquia la Más Educada'', reconocido por su transparencia y gestión de regalías. Es su tercer intento presidencial, tras quedar tercero en 2018 y cuarto en 2022.

Para las elecciones de 2026 se presenta con el partido ''Dignidad y Compromiso'', que cofundó en 2023. Su propuesta se estructura en torno a la educación como motor de desarrollo, la seguridad con un enfoque institucional y el rechazo frontal a la política de ''Paz Total''. Bajo el lema ''podemos ser diferentes sin ser enemigos'', busca construir una alternativa de centro basada en la meritocracia, la transparencia y la capacidad demostrada de transformar territorios desde la base.', 'https://sergiofajardo.com/', 'Candidatos/Sergio Fajardo.png', 'Partidos/Dignidad y Compromiso.png', 'Perfil/centro_progresista.jpg');

-- Respuestas de candidatos
INSERT INTO candidate_answers (candidate_id, question_id, answer) VALUES
  (1, 1, 'A'),
  (1, 2, 'D'),
  (1, 3, 'D'),
  (1, 4, 'B'),
  (1, 5, 'C'),
  (1, 6, 'A'),
  (1, 7, 'A'),
  (1, 8, 'A'),
  (1, 9, 'A'),
  (1, 10, 'A'),
  (1, 11, 'C'),
  (1, 12, 'A'),
  (1, 13, 'C'),
  (1, 14, 'A'),
  (1, 15, 'D'),
  (1, 16, 'B'),
  (1, 17, 'C'),
  (1, 18, 'A'),
  (1, 19, 'A'),
  (1, 20, 'A'),
  (1, 21, 'A'),
  (1, 22, 'E'),
  (1, 23, 'B'),
  (1, 24, 'C'),
  (1, 25, 'D'),
  (1, 26, 'D'),
  (1, 27, 'A'),
  (1, 28, 'B'),
  (1, 29, 'C'),
  (1, 30, 'B'),
  (2, 1, 'B'),
  (2, 2, 'B'),
  (2, 3, 'B'),
  (2, 4, 'C'),
  (2, 5, 'A'),
  (2, 6, 'C'),
  (2, 7, 'B'),
  (2, 8, 'B'),
  (2, 9, 'B'),
  (2, 10, 'B'),
  (2, 11, 'B'),
  (2, 12, 'C'),
  (2, 13, 'A'),
  (2, 14, 'B'),
  (2, 15, 'B'),
  (2, 16, 'A'),
  (2, 17, 'A'),
  (2, 18, 'C'),
  (2, 19, 'C'),
  (2, 20, 'B'),
  (2, 21, 'C'),
  (2, 22, 'D'),
  (2, 23, 'B'),
  (2, 24, 'A'),
  (2, 25, 'B'),
  (2, 26, 'E'),
  (2, 27, 'B'),
  (2, 28, 'C'),
  (2, 29, 'A'),
  (2, 30, 'C'),
  (3, 1, 'D'),
  (3, 2, 'A'),
  (3, 3, 'A'),
  (3, 4, 'A'),
  (3, 5, 'A'),
  (3, 6, 'C'),
  (3, 7, 'D'),
  (3, 8, 'C'),
  (3, 9, 'C'),
  (3, 10, 'D'),
  (3, 11, 'A'),
  (3, 12, 'D'),
  (3, 13, 'A'),
  (3, 14, 'B'),
  (3, 15, 'B'),
  (3, 16, 'A'),
  (3, 17, 'A'),
  (3, 18, 'C'),
  (3, 19, 'C'),
  (3, 20, 'C'),
  (3, 21, 'A'),
  (3, 22, 'A'),
  (3, 23, 'D'),
  (3, 24, 'A'),
  (3, 25, 'A'),
  (3, 26, 'B'),
  (3, 27, 'B'),
  (3, 28, 'D'),
  (3, 29, 'B'),
  (3, 30, 'A'),
  (4, 1, 'B'),
  (4, 2, 'A'),
  (4, 3, 'C'),
  (4, 4, 'C'),
  (4, 5, 'A'),
  (4, 6, 'B'),
  (4, 7, 'B'),
  (4, 8, 'B'),
  (4, 9, 'B'),
  (4, 10, 'B'),
  (4, 11, 'B'),
  (4, 12, 'C'),
  (4, 13, 'B'),
  (4, 14, 'B'),
  (4, 15, 'B'),
  (4, 16, 'B'),
  (4, 17, 'B'),
  (4, 18, 'B'),
  (4, 19, 'B'),
  (4, 20, 'B'),
  (4, 21, 'C'),
  (4, 22, 'B'),
  (4, 23, 'B'),
  (4, 24, 'B'),
  (4, 25, 'A'),
  (4, 26, 'E'),
  (4, 27, 'B'),
  (4, 28, 'C'),
  (4, 29, 'A'),
  (4, 30, 'D'),
  (5, 1, 'B'),
  (5, 2, 'C'),
  (5, 3, 'B'),
  (5, 4, 'D'),
  (5, 5, 'A'),
  (5, 6, 'C'),
  (5, 7, 'B'),
  (5, 8, 'B'),
  (5, 9, 'B'),
  (5, 10, 'B'),
  (5, 11, 'B'),
  (5, 12, 'C'),
  (5, 13, 'A'),
  (5, 14, 'B'),
  (5, 15, 'B'),
  (5, 16, 'B'),
  (5, 17, 'B'),
  (5, 18, 'C'),
  (5, 19, 'B'),
  (5, 20, 'B'),
  (5, 21, 'C'),
  (5, 22, 'A'),
  (5, 23, 'B'),
  (5, 24, 'A'),
  (5, 25, 'A'),
  (5, 26, 'E'),
  (5, 27, 'B'),
  (5, 28, 'C'),
  (5, 29, 'C'),
  (5, 30, 'D'),
  (6, 1, 'D'),
  (6, 2, 'C'),
  (6, 3, 'A'),
  (6, 4, 'A'),
  (6, 5, 'A'),
  (6, 6, 'C'),
  (6, 7, 'D'),
  (6, 8, 'C'),
  (6, 9, 'C'),
  (6, 10, 'B'),
  (6, 11, 'A'),
  (6, 12, 'D'),
  (6, 13, 'A'),
  (6, 14, 'B'),
  (6, 15, 'B'),
  (6, 16, 'A'),
  (6, 17, 'A'),
  (6, 18, 'C'),
  (6, 19, 'C'),
  (6, 20, 'C'),
  (6, 21, 'A'),
  (6, 22, 'A'),
  (6, 23, 'B'),
  (6, 24, 'A'),
  (6, 25, 'B'),
  (6, 26, 'B'),
  (6, 27, 'C'),
  (6, 28, 'D'),
  (6, 29, 'B'),
  (6, 30, 'A'),
  (7, 1, 'B'),
  (7, 2, 'D'),
  (7, 3, 'B'),
  (7, 4, 'D'),
  (7, 5, 'A'),
  (7, 6, 'B'),
  (7, 7, 'B'),
  (7, 8, 'B'),
  (7, 9, 'B'),
  (7, 10, 'B'),
  (7, 11, 'C'),
  (7, 12, 'B'),
  (7, 13, 'B'),
  (7, 14, 'C'),
  (7, 15, 'B'),
  (7, 16, 'B'),
  (7, 17, 'A'),
  (7, 18, 'B'),
  (7, 19, 'B'),
  (7, 20, 'A'),
  (7, 21, 'C'),
  (7, 22, 'C'),
  (7, 23, 'B'),
  (7, 24, 'B'),
  (7, 25, 'D'),
  (7, 26, 'E'),
  (7, 27, 'B'),
  (7, 28, 'C'),
  (7, 29, 'A'),
  (7, 30, 'B'),
  (8, 1, 'B'),
  (8, 2, 'A'),
  (8, 3, 'B'),
  (8, 4, 'D'),
  (8, 5, 'A'),
  (8, 6, 'B'),
  (8, 7, 'B'),
  (8, 8, 'B'),
  (8, 9, 'B'),
  (8, 10, 'B'),
  (8, 11, 'C'),
  (8, 12, 'C'),
  (8, 13, 'B'),
  (8, 14, 'B'),
  (8, 15, 'B'),
  (8, 16, 'B'),
  (8, 17, 'A'),
  (8, 18, 'B'),
  (8, 19, 'B'),
  (8, 20, 'B'),
  (8, 21, 'C'),
  (8, 22, 'D'),
  (8, 23, 'B'),
  (8, 24, 'B'),
  (8, 25, 'A'),
  (8, 26, 'E'),
  (8, 27, 'B'),
  (8, 28, 'C'),
  (8, 29, 'A'),
  (8, 30, 'D'),
  (9, 1, 'B'),
  (9, 2, 'A'),
  (9, 3, 'B'),
  (9, 4, 'A'),
  (9, 5, 'A'),
  (9, 6, 'C'),
  (9, 7, 'B'),
  (9, 8, 'C'),
  (9, 9, 'C'),
  (9, 10, 'B'),
  (9, 11, 'B'),
  (9, 12, 'C'),
  (9, 13, 'A'),
  (9, 14, 'B'),
  (9, 15, 'B'),
  (9, 16, 'A'),
  (9, 17, 'B'),
  (9, 18, 'C'),
  (9, 19, 'C'),
  (9, 20, 'B'),
  (9, 21, 'C'),
  (9, 22, 'D'),
  (9, 23, 'B'),
  (9, 24, 'A'),
  (9, 25, 'A'),
  (9, 26, 'B'),
  (9, 27, 'B'),
  (9, 28, 'C'),
  (9, 29, 'A'),
  (9, 30, 'D'),
  (10, 1, 'B'),
  (10, 2, 'C'),
  (10, 3, 'B'),
  (10, 4, 'D'),
  (10, 5, 'A'),
  (10, 6, 'A'),
  (10, 7, 'B'),
  (10, 8, 'B'),
  (10, 9, 'B'),
  (10, 10, 'B'),
  (10, 11, 'B'),
  (10, 12, 'C'),
  (10, 13, 'A'),
  (10, 14, 'B'),
  (10, 15, 'D'),
  (10, 16, 'B'),
  (10, 17, 'A'),
  (10, 18, 'B'),
  (10, 19, 'B'),
  (10, 20, 'B'),
  (10, 21, 'D'),
  (10, 22, 'A'),
  (10, 23, 'B'),
  (10, 24, 'A'),
  (10, 25, 'A'),
  (10, 26, 'E'),
  (10, 27, 'C'),
  (10, 28, 'C'),
  (10, 29, 'A'),
  (10, 30, 'D'),
  (11, 1, 'D'),
  (11, 2, 'C'),
  (11, 3, 'A'),
  (11, 4, 'A'),
  (11, 5, 'A'),
  (11, 6, 'C'),
  (11, 7, 'B'),
  (11, 8, 'B'),
  (11, 9, 'C'),
  (11, 10, 'B'),
  (11, 11, 'B'),
  (11, 12, 'C'),
  (11, 13, 'A'),
  (11, 14, 'B'),
  (11, 15, 'B'),
  (11, 16, 'A'),
  (11, 17, 'B'),
  (11, 18, 'C'),
  (11, 19, 'C'),
  (11, 20, 'B'),
  (11, 21, 'C'),
  (11, 22, 'A'),
  (11, 23, 'B'),
  (11, 24, 'A'),
  (11, 25, 'B'),
  (11, 26, 'B'),
  (11, 27, 'C'),
  (11, 28, 'D'),
  (11, 29, 'B'),
  (11, 30, 'C'),
  (12, 1, 'D'),
  (12, 2, 'C'),
  (12, 3, 'A'),
  (12, 4, 'A'),
  (12, 5, 'A'),
  (12, 6, 'C'),
  (12, 7, 'D'),
  (12, 8, 'C'),
  (12, 9, 'C'),
  (12, 10, 'B'),
  (12, 11, 'A'),
  (12, 12, 'D'),
  (12, 13, 'A'),
  (12, 14, 'B'),
  (12, 15, 'B'),
  (12, 16, 'A'),
  (12, 17, 'B'),
  (12, 18, 'C'),
  (12, 19, 'C'),
  (12, 20, 'C'),
  (12, 21, 'A'),
  (12, 22, 'D'),
  (12, 23, 'B'),
  (12, 24, 'A'),
  (12, 25, 'A'),
  (12, 26, 'B'),
  (12, 27, 'C'),
  (12, 28, 'D'),
  (12, 29, 'B'),
  (12, 30, 'A'),
  (13, 1, 'A'),
  (13, 2, 'D'),
  (13, 3, 'D'),
  (13, 4, 'B'),
  (13, 5, 'C'),
  (13, 6, 'A'),
  (13, 7, 'A'),
  (13, 8, 'A'),
  (13, 9, 'A'),
  (13, 10, 'A'),
  (13, 11, 'C'),
  (13, 12, 'A'),
  (13, 13, 'C'),
  (13, 14, 'A'),
  (13, 15, 'D'),
  (13, 16, 'B'),
  (13, 17, 'C'),
  (13, 18, 'A'),
  (13, 19, 'A'),
  (13, 20, 'A'),
  (13, 21, 'A'),
  (13, 22, 'E'),
  (13, 23, 'B'),
  (13, 24, 'C'),
  (13, 25, 'D'),
  (13, 26, 'D'),
  (13, 27, 'A'),
  (13, 28, 'B'),
  (13, 29, 'C'),
  (13, 30, 'B'),
  (14, 1, 'B'),
  (14, 2, 'A'),
  (14, 3, 'B'),
  (14, 4, 'D'),
  (14, 5, 'A'),
  (14, 6, 'B'),
  (14, 7, 'B'),
  (14, 8, 'B'),
  (14, 9, 'B'),
  (14, 10, 'B'),
  (14, 11, 'C'),
  (14, 12, 'B'),
  (14, 13, 'B'),
  (14, 14, 'C'),
  (14, 15, 'B'),
  (14, 16, 'B'),
  (14, 17, 'A'),
  (14, 18, 'B'),
  (14, 19, 'B'),
  (14, 20, 'B'),
  (14, 21, 'C'),
  (14, 22, 'C'),
  (14, 23, 'B'),
  (14, 24, 'B'),
  (14, 25, 'C'),
  (14, 26, 'E'),
  (14, 27, 'B'),
  (14, 28, 'C'),
  (14, 29, 'A'),
  (14, 30, 'D');

-- ============================================================
-- FIN DEL SEED
-- ============================================================